exact,numeric
8.101405277101e+00,8.101405793692e+00
3.174929343376e+01,3.174929428083e+01
6.902785321094e+01,6.902785313022e+01
1.169169973996e+02,1.169169963545e+02
1.715370323453e+02,1.715370323455e+02
2.284629676547e+02,2.284629678550e+02
2.830830026004e+02,2.830830023630e+02
3.309721467891e+02,3.309721465909e+02
3.682507065662e+02,3.682507065738e+02
3.918985947229e+02,3.918985947125e+02
